<?xml version="1.0" encoding="UTF-8"?><rss version="2.0"
	xmlns:content="http://purl.org/rss/1.0/modules/content/"
	xmlns:wfw="http://wellformedweb.org/CommentAPI/"
	xmlns:dc="http://purl.org/dc/elements/1.1/"
	xmlns:atom="http://www.w3.org/2005/Atom"
	xmlns:sy="http://purl.org/rss/1.0/modules/syndication/"
	xmlns:slash="http://purl.org/rss/1.0/modules/slash/"
	>

<channel>
	<title>Uncategorized &#8211; Sea Inn (Raju Ka Dhaba)</title>
	<atom:link href="http://localhost/category/uncategorized/feed/" rel="self" type="application/rss+xml" />
	<link>/</link>
	<description>Andhra Non Veg Seafood Restaurant, Rushikonda, Vizag</description>
	<lastBuildDate>Tue, 19 May 2020 11:45:12 +0000</lastBuildDate>
	<language>en-US</language>
	<sy:updatePeriod>
	hourly	</sy:updatePeriod>
	<sy:updateFrequency>
	1	</sy:updateFrequency>
	<generator>https://wordpress.org/?v=6.0</generator>

<image>
	<url>/wp-content/uploads/2013/02/cropped-cropped-SeaInn1-1-32x32.jpg</url>
	<title>Uncategorized &#8211; Sea Inn (Raju Ka Dhaba)</title>
	<link>/</link>
	<width>32</width>
	<height>32</height>
</image> 
	<item>
		<title>Recently on YouTube</title>
		<link>/recently-on-youtube/</link>
		
		<dc:creator><![CDATA[vijay]]></dc:creator>
		<pubDate>Wed, 14 Aug 2019 11:32:00 +0000</pubDate>
				<category><![CDATA[Uncategorized]]></category>
		<guid isPermaLink="false">https://seainn.info/?p=275</guid>

					<description><![CDATA[SteetByte &#8211; Spicy food at Raju gari Dhaba Food Lovers TV &#8211; Kripal Amanna A hotspot for seafood lovers, Raju ka Dhaba in Vizag serves a delicious array of seafood side dishes heavily flavoured with spices and is also known for its mutton biryani. Food Lovers’ Editor, Kripal Amanna makes a quick visit to the ... <a title="Recently on YouTube" class="read-more" href="/recently-on-youtube/" aria-label="More on Recently on YouTube">Read more</a>]]></description>
										<content:encoded><![CDATA[
<h2>SteetByte &#8211; Spicy food at Raju gari Dhaba</h2>



<hr class="wp-block-separator"/>



<figure class="wp-block-embed-youtube wp-block-embed is-type-video is-provider-youtube wp-embed-aspect-16-9 wp-has-aspect-ratio"><div class="wp-block-embed__wrapper">
<iframe title="Spicy food at Raju gari Dhaba | Vizag | Chicken Biryani |" width="800" height="450" src="https://www.youtube.com/embed/YRaLT9OC6-U?feature=oembed" frameborder="0" allow="accelerometer; autoplay; encrypted-media; gyroscope; picture-in-picture" allowfullscreen></iframe>
</div></figure>



<h2>Food Lovers TV &#8211;  Kripal Amanna </h2>



<figure class="wp-block-embed-youtube wp-block-embed is-type-video is-provider-youtube wp-embed-aspect-16-9 wp-has-aspect-ratio"><div class="wp-block-embed__wrapper">
<iframe loading="lazy" title="Mutton Biryani And Prawn Fry At Raju Ka Dhaba | Vizag | Must Visit | Food Lovers" width="800" height="450" src="https://www.youtube.com/embed/Z7ZliAsrbQw?feature=oembed" frameborder="0" allow="accelerometer; autoplay; encrypted-media; gyroscope; picture-in-picture" allowfullscreen></iframe>
</div><figcaption>Food Lovers TV</figcaption></figure>



<p>A hotspot for seafood lovers, Raju ka Dhaba in Vizag serves a delicious array of seafood side dishes heavily flavoured with spices and is also known for its mutton biryani. Food Lovers’ Editor, Kripal Amanna makes a quick visit to the eatery, here&#8217;s what one can look forward to! </p>



<hr class="wp-block-separator"/>



<h2>RAHAGIRI-FOOD By Dr. Kaynat Kazi</h2>



<figure class="wp-block-embed-youtube wp-block-embed is-type-video is-provider-youtube wp-embed-aspect-16-9 wp-has-aspect-ratio"><div class="wp-block-embed__wrapper">
<iframe loading="lazy" title="Non-Veg Food in Vizag" width="800" height="450" src="https://www.youtube.com/embed/qAzbJgAi5i8?feature=oembed" frameborder="0" allow="accelerometer; autoplay; encrypted-media; gyroscope; picture-in-picture" allowfullscreen></iframe>
</div></figure>



<p></p>
]]></content:encoded>
					
		
		
			</item>
		<item>
		<title>Chai Bisket &#8211; Heaven for foodies of Vizag</title>
		<link>/chai-bisket-heaven-for-foodies-of-vizag/</link>
		
		<dc:creator><![CDATA[vijay]]></dc:creator>
		<pubDate>Fri, 06 May 2016 11:35:21 +0000</pubDate>
				<category><![CDATA[Uncategorized]]></category>
		<guid isPermaLink="false">https://seainn.info/?p=277</guid>

					<description><![CDATA[Source: https://chaibisket.com/raju-gari-dhaba/ You Must Try The Famous “Raju Gari Dhaba” The Next Time You Are In Vizag! Raju Gari Dhaba aka Sea Inn&#160;&#160;A 20 year labor of love, Sea Inn (Raju Gari Dhaba) elevates the Andhra seafood cuisine to new levels. Set near the sea shore, in the shadow of the Rushikonda hill, along the ... <a title="Chai Bisket &#8211; Heaven for foodies of Vizag" class="read-more" href="/chai-bisket-heaven-for-foodies-of-vizag/" aria-label="More on Chai Bisket &#8211; Heaven for foodies of Vizag">Read more</a>]]></description>
										<content:encoded><![CDATA[
<p><strong>Source:</strong>  <a href="https://chaibisket.com/raju-gari-dhaba/" target="_blank" rel="noreferrer noopener" aria-label=" (opens in a new tab)">https://chaibisket.com/raju-gari-dhaba/</a>  </p>



<h4>You Must Try The Famous “Raju Gari Dhaba” The Next Time You Are In Vizag!</h4>



<figure class="wp-block-image size-large"><img loading="lazy" width="610" height="320" src="/wp-content/uploads/2020/05/sea-inn-chai-bisket-ambience.jpg" alt="" class="wp-image-279" srcset="/wp-content/uploads/2020/05/sea-inn-chai-bisket-ambience.jpg 610w, /wp-content/uploads/2020/05/sea-inn-chai-bisket-ambience-300x157.jpg 300w" sizes="(max-width: 610px) 100vw, 610px" /></figure>



<p><strong>Raju Gari Dhaba aka Sea Inn&nbsp;</strong><br>&nbsp;<br>A 20 year labor of love, Sea Inn (Raju Gari Dhaba) elevates the Andhra seafood cuisine to new levels. Set near the sea shore, in the shadow of the Rushikonda hill, along the Vizag-Bhimli road. This laid-back mom and pop formation. dishes up a Foodie treat. Mouth watering dishes incorporate top notch seafood, meat and spices cooked to perfection using traditional recipes. </p>



<figure class="wp-block-image size-large"><img loading="lazy" width="610" height="320" src="/wp-content/uploads/2020/05/sea-inn-chai-bisket-food.jpg" alt="" class="wp-image-280" srcset="/wp-content/uploads/2020/05/sea-inn-chai-bisket-food.jpg 610w, /wp-content/uploads/2020/05/sea-inn-chai-bisket-food-300x157.jpg 300w" sizes="(max-width: 610px) 100vw, 610px" /></figure>



<p>This place’s name are not particularly imaginative but its setting–not far from the sea shore in the shadow of the Rushikonda hill–certainly is. Started in 1988 by Mr. Venkatapathy Raju, originally from Guntur.</p>



<p>Lakshmi Devi Kakarlapudi, Chef and wife of Venkatapathy Raju – A native of Guntur, Devi learned the art of cooking from her mother. She spent countless hours in the kitchen watching, learning and helping to prepare meals for her family. Since all her recipes are those that have been handed down for generations, Sea Inn is The place for foodies to try traditional home cooked Andhra Non Veg dishes.</p>



<p>The couple have been successfully running Sea Inn for 28 years now, Vizag’s foodies who don’t mind the 15-km drive along the coast to the little restaurant. Must Try: Chicken Biryani and Liver Fry.&nbsp;</p>
]]></content:encoded>
					
		
		
			</item>
		<item>
		<title>Afternoon With Vanjiram Curry</title>
		<link>/afternoon-with-vanjiram-curry/</link>
		
		<dc:creator><![CDATA[vijay]]></dc:creator>
		<pubDate>Mon, 30 Sep 2013 11:38:49 +0000</pubDate>
				<category><![CDATA[Uncategorized]]></category>
		<guid isPermaLink="false">https://seainn.info/?p=282</guid>

					<description><![CDATA[Source: https://www.outlookindia.com/magazine/story/afternoon-with-vanjiram-curry/287846 It’s almost too good to be true: a rustic palm-thatched shack, run by a mom-and-pop team When the Vizag Municipality wanted to close down the Raju Gari Dhaba for some supposed infraction some years ago, the citizens of Vizag congregated outside the Muni­cipal office to protest, and the decision was quietly reversed. Now ... <a title="Afternoon With Vanjiram Curry" class="read-more" href="/afternoon-with-vanjiram-curry/" aria-label="More on Afternoon With Vanjiram Curry">Read more</a>]]></description>
										<content:encoded><![CDATA[
<p><strong>Source:</strong>  <a rel="noreferrer noopener" aria-label=" (opens in a new tab)" href="https://www.outlookindia.com/magazine/story/afternoon-with-vanjiram-curry/287846" target="_blank">https://www.outlookindia.com/magazine/story/afternoon-with-vanjiram-curry/287846</a> </p>



<h4>It’s almost too good to be true: a rustic palm-thatched shack, run by a mom-and-pop team</h4>



<p>When the Vizag Municipality wanted to close down the Raju Gari Dhaba for some supposed infraction some years ago, the citizens of Vizag congregated outside the Muni­cipal office to protest, and the decision was quietly reversed. Now that’s what you call ‘by public demand’.</p>



<p>The dhaba is right on the beach, 15 km outside town, hidden off the Bhimli road. It’s almost too good to be true: a rustic palm-thatched shack, run by a mom-and-pop team, Mr and Mrs K.V. Raju (she cooks, he mana­ges) and it specialises in home-cooked Andhra dis­hes, which she learned from her grandmother. The official name is Sea Inn, but everybody simply calls it Raju Gari Dhaba, after the proprietor. It’s set under the palm trees, within range of the ocean spray, and the menu is as minimalistic as the surroundings: just about a dozen dishes for the day, scribbled on a whiteboard. It says that the house specialities are country chicken and mutton keema, but ignore that. The thing to order is their fresh prawns, crab or fish (salt-water or sweet-water), all cooked with a typical Andhra zing. We pondered over the choice of fish—vanjiram or chandua, both fresh from the nearby fish market— and finally settled on a vanjiram curry, fried chandua, and a huge crab in a thick, fiery gravy, with steaming rice. And as we licked our fingers, we understood why the good people of Vizag protested its closure. We’d have protested, too.</p>
]]></content:encoded>
					
		
		
			</item>
		<item>
		<title>The Dhaba By The Bay – Yo! Vizag</title>
		<link>/the-dhaba-by-the-bay-yo-vizag/</link>
		
		<dc:creator><![CDATA[vijay]]></dc:creator>
		<pubDate>Mon, 09 Jul 2012 11:42:49 +0000</pubDate>
				<category><![CDATA[Uncategorized]]></category>
		<guid isPermaLink="false">https://seainn.info/?p=287</guid>

					<description><![CDATA[Source: https://www.yovizag.com/non-veg-food-vizag-raju-dhaba/ Let’s travel four years back to the time when NDTV featured our very own Raju gaari Dhaba a.k.a Sea Inn on 9th of July, 2012. Set by the sea shore of the Rushikonda beach, this place offers top notch non vegetarian traditional Andhra dishes with authentic recipes. &#160;Sea Inn was started by K.V. ... <a title="The Dhaba By The Bay – Yo! Vizag" class="read-more" href="/the-dhaba-by-the-bay-yo-vizag/" aria-label="More on The Dhaba By The Bay – Yo! Vizag">Read more</a>]]></description>
										<content:encoded><![CDATA[
<p><strong>Source:</strong>  <a rel="noreferrer noopener" aria-label=" (opens in a new tab)" href="https://www.yovizag.com/non-veg-food-vizag-raju-dhaba/" target="_blank">https://www.yovizag.com/non-veg-food-vizag-raju-dhaba/</a> </p>



<p>Let’s travel four years back to the time when NDTV featured our very own Raju gaari Dhaba a.k.a Sea Inn on 9th of July, 2012. Set by the sea shore of the Rushikonda beach, this place offers top notch non vegetarian traditional Andhra dishes with authentic recipes. &nbsp;Sea Inn was started by K.V. Raju with his wife Lakshmi devi Kakarlapudi as the chef, 29 glorious years back.</p>



<figure class="wp-block-embed-youtube wp-block-embed is-type-video is-provider-youtube wp-embed-aspect-16-9 wp-has-aspect-ratio wp-embed-aspect-4-3"><div class="wp-block-embed__wrapper">
<iframe loading="lazy" title="Sea Inn (Raju ka dhaba) - NDTV - Will Travel For Food" width="800" height="600" src="https://www.youtube.com/embed/aCC6T2qBI_c?feature=oembed" frameborder="0" allow="accelerometer; autoplay; encrypted-media; gyroscope; picture-in-picture" allowfullscreen></iframe>
</div></figure>



<p>Native of Guntur, Mrs. Lakshmi masters the art of cooking with a perfect blend of spices. The restaurant offers an inspired selection of seafood and non vegetarian curries and fries along with lip smacking Biryanis which will definitely awake your taste buds. Prawn Pulav, Chicken liver fry and Mutton Biryani are some must-try s if you ever visit the place.</p>



<figure class="wp-block-image size-large"><img loading="lazy" width="768" height="402" src="/wp-content/uploads/2020/05/sea-inn-yo-vizag-1.jpg" alt="" class="wp-image-289" srcset="/wp-content/uploads/2020/05/sea-inn-yo-vizag-1.jpg 768w, /wp-content/uploads/2020/05/sea-inn-yo-vizag-1-300x157.jpg 300w" sizes="(max-width: 768px) 100vw, 768px" /></figure>
]]></content:encoded>
					
		
		
			</item>
	</channel>
</rss>
