<?xml version="1.0" encoding="UTF-8"?><rss version="2.0"
	xmlns:content="http://purl.org/rss/1.0/modules/content/"
	xmlns:wfw="http://wellformedweb.org/CommentAPI/"
	xmlns:dc="http://purl.org/dc/elements/1.1/"
	xmlns:atom="http://www.w3.org/2005/Atom"
	xmlns:sy="http://purl.org/rss/1.0/modules/syndication/"
	xmlns:slash="http://purl.org/rss/1.0/modules/slash/"
	>

<channel>
	<title>Accolades &#8211; Sea Inn (Raju Ka Dhaba)</title>
	<atom:link href="http://localhost/category/accolades/feed/" rel="self" type="application/rss+xml" />
	<link>/</link>
	<description>Andhra Non Veg Seafood Restaurant, Rushikonda, Vizag</description>
	<lastBuildDate>Mon, 27 Jun 2022 02:50:57 +0000</lastBuildDate>
	<language>en-US</language>
	<sy:updatePeriod>
	hourly	</sy:updatePeriod>
	<sy:updateFrequency>
	1	</sy:updateFrequency>
	<generator>https://wordpress.org/?v=6.0</generator>

<image>
	<url>/wp-content/uploads/2013/02/cropped-cropped-SeaInn1-1-32x32.jpg</url>
	<title>Accolades &#8211; Sea Inn (Raju Ka Dhaba)</title>
	<link>/</link>
	<width>32</width>
	<height>32</height>
</image> 
	<item>
		<title>NDTV Good Times: Highway on my plate</title>
		<link>/ndtv-good-times-highway-on-my-plate/</link>
		
		<dc:creator><![CDATA[vijay]]></dc:creator>
		<pubDate>Mon, 13 May 2013 12:59:23 +0000</pubDate>
				<category><![CDATA[Accolades]]></category>
		<guid isPermaLink="false">https://seainn.info/?p=210</guid>

					<description><![CDATA[Join our foodie friends Rocky and Mayur on their coastal odyssey in Andhra Pradesh, They taste some fresh seafood at Sea Inn and provide their verdict. Source NDTV Highway on my plate: Seaside explorations in orissaReview about Sea Inn starts at the 10 minute mark. This is how Rocky and Mayur rated Sea Inn Video ... <a title="NDTV Good Times: Highway on my plate" class="read-more" href="/ndtv-good-times-highway-on-my-plate/" aria-label="More on NDTV Good Times: Highway on my plate">Read more</a>]]></description>
										<content:encoded><![CDATA[
<p>Join our foodie friends Rocky and Mayur on their coastal odyssey in Andhra Pradesh, They taste some fresh seafood at Sea Inn and provide their verdict.</p>



<figure class="wp-block-image"><a href="http://www.ndtv.com/video/player/highway-on-my-plate/highwaymen-head-for-seaside-explorations-in-orissa/274738" target="_blank" rel="noopener"><img width="380" height="263" src="/wp-content/uploads/2013/05/NDTV-HighwayOnPlate1.png" alt="Play video - NDTV Highway on  plate" class="wp-image-222" srcset="/wp-content/uploads/2013/05/NDTV-HighwayOnPlate1.png 380w, /wp-content/uploads/2013/05/NDTV-HighwayOnPlate1-300x208.png 300w" sizes="(max-width: 380px) 100vw, 380px" /></a></figure>



<p><strong>Source</strong> <a title="Click here to watch the full episode at NDTV.com" href="http://www.ndtv.com/video/player/highway-on-my-plate/highwaymen-head-for-seaside-explorations-in-orissa/274738" target="_blank" rel="noopener">NDTV Highway on my plate: Seaside explorations in orissa</a><br>Review about Sea Inn starts at the 10 minute mark.</p>



<p>This is how Rocky and Mayur rated Sea Inn</p>


<div class="wp-block-image">
<figure class="aligncenter"><img loading="lazy" width="687" height="267" src="/wp-content/uploads/2013/05/SeaInn-NDTV-Rating.png" alt="Sea Inn Rating - NDTV " class="wp-image-219" srcset="/wp-content/uploads/2013/05/SeaInn-NDTV-Rating.png 687w, /wp-content/uploads/2013/05/SeaInn-NDTV-Rating-300x117.png 300w, /wp-content/uploads/2013/05/SeaInn-NDTV-Rating-624x243.png 624w" sizes="(max-width: 687px) 100vw, 687px" /></figure></div>


<p><small>Video and images © NDTV Highway on my plate</small></p>
]]></content:encoded>
					
		
		
			</item>
		<item>
		<title>Featured on The Hindu</title>
		<link>/featured-on-the-hindu/</link>
		
		<dc:creator><![CDATA[vijay]]></dc:creator>
		<pubDate>Sat, 30 Jun 2012 08:49:32 +0000</pubDate>
				<category><![CDATA[Accolades]]></category>
		<guid isPermaLink="false">http://rajus.info/seainn/?p=110</guid>

					<description><![CDATA[Our chef Lakshmi Devi, featured on the Hindu today. This is what Tamanna S. Mehdi said: For K. Lakshmi Devi, chef at Sea Inn, near GITAM University, Rushikonda, it is solely the love of cooking that drove her along with her husband to start this seafood restaurant twenty years back. Known for her cookery skills ... <a title="Featured on The Hindu" class="read-more" href="/featured-on-the-hindu/" aria-label="More on Featured on The Hindu">Read more</a>]]></description>
										<content:encoded><![CDATA[<p>Our chef Lakshmi Devi, featured on the Hindu today. This is what Tamanna S. Mehdi said:</p>
<p><a href="http://seainn.raju.com.au/about/"><img loading="lazy" class="size-full wp-image-134 alignright" style="margin-left: 50px;" alt="Lakshmi Devi Kakarlapudi, Chef, Sea Inn" src="/wp-content/uploads/2012/06/SeaInn-LakshmiDeviKakarlapudi1.jpg" width="208" height="211" /></a></p>
<blockquote><p>For K. Lakshmi Devi, chef at Sea Inn, near GITAM University, Rushikonda, it is solely the love of cooking that drove her along with her husband to start this seafood restaurant twenty years back. Known for her cookery skills in her home kitchen, she decided that a restaurant specialising in serving home-style meals was a great business opportunity. Shy, but ever congenial, Ms. Devi wields her ladle like a wand as she perfectly blends together spices to make her hot curries. She says, “Initially, when we started, our only customers were the nearby college students; but as word spread, clientele increased, and we won prestigious food awards. Now, this acts as a stimulant and motivates us more.”K. Srikanth, manager with Bosch, says, “I studied at GITAM and we always had lunch at Sea Inn. We never felt the need to get food from home as the food here tastes exactly like home-cooked.” Smiling sweetly and wiping the sweat off her forehead with her sari pallu, she concludes, “Even though my children are well-settled now, cooking lunch here has become a happy routine that I am not ready to stop.” For a special dish to order call: 9866806353.</p></blockquote>
<p>Source: <a title="Article about enterprising women who use their culinary skills to run small eateries - The Hindu" href="http://www.thehindu.com/todays-paper/tp-features/tp-metroplus/article3586938.ece" target="_blank">The Hindu, Vizag &#8211; 30 June 2012</a></p>
]]></content:encoded>
					
		
		
			</item>
		<item>
		<title>Featured on Will Travel for Food – NDTV</title>
		<link>/featured-on-will-travel-for-food-ndtv/</link>
		
		<dc:creator><![CDATA[vijay]]></dc:creator>
		<pubDate>Sat, 09 Jun 2012 09:37:33 +0000</pubDate>
				<category><![CDATA[Accolades]]></category>
		<guid isPermaLink="false">http://seainn.raju.com.au/?p=155</guid>

					<description><![CDATA[Source: http://www.ndtv.com/video/player/will-travel-for-food/visakhapatnam-calls/235393.]]></description>
										<content:encoded><![CDATA[<p><iframe loading="lazy" title="Sea Inn (Raju ka dhaba) - NDTV - Will Travel For Food" width="800" height="600" src="https://www.youtube.com/embed/aCC6T2qBI_c?feature=oembed" frameborder="0" allow="accelerometer; autoplay; encrypted-media; gyroscope; picture-in-picture" allowfullscreen></iframe></p>
<p><strong>Source:</strong> <a title="Click here to view the full video on NDTV site" href="http://www.ndtv.com/video/player/will-travel-for-food/visakhapatnam-calls/235393" target="_blank">http://www.ndtv.com/video/player/will-travel-for-food/visakhapatnam-calls/235393</a>.</p>
]]></content:encoded>
					
		
		
			</item>
		<item>
		<title>Sea Inn Wins Times Now – Foodie Award for Coastal Cuisine – 2011</title>
		<link>/sea-inn-wins-times-now-foodie-award-for-coastal-cuisine-2011/</link>
		
		<dc:creator><![CDATA[vijay]]></dc:creator>
		<pubDate>Tue, 20 Dec 2011 10:50:49 +0000</pubDate>
				<category><![CDATA[Accolades]]></category>
		<guid isPermaLink="false">http://seainn.raju.com.au/?p=172</guid>

					<description><![CDATA[Some pics from that exciting evening&#8230;]]></description>
										<content:encoded><![CDATA[
<p><iframe loading="lazy" title="Sea Inn Wins Times Now Foodie Award" width="800" height="450" src="https://www.youtube.com/embed/r1BSxtki3Ao?feature=oembed" frameborder="0" allow="accelerometer; autoplay; encrypted-media; gyroscope; picture-in-picture" allowfullscreen></iframe></p>



<p>Some pics from that exciting evening&#8230;</p>



<figure class="wp-container-2 wp-block-gallery-1 wp-block-gallery has-nested-images columns-2 is-cropped">
<figure class="wp-block-image size-medium"><a href="/wp-content/uploads/2012/01/Foodie-Award-12.jpg"><img loading="lazy" width="300" height="199" data-id="63"  src="/wp-content/uploads/2012/01/Foodie-Award-12-300x199.jpg" alt="Receiving Foodie Award" class="wp-image-63" srcset="/wp-content/uploads/2012/01/Foodie-Award-12-300x199.jpg 300w, /wp-content/uploads/2012/01/Foodie-Award-12-768x510.jpg 768w, /wp-content/uploads/2012/01/Foodie-Award-12.jpg 800w" sizes="(max-width: 300px) 100vw, 300px" /></a><figcaption>Receiving Foodie Award</figcaption></figure>



<figure class="wp-block-image size-large"><a href="/wp-content/uploads/2012/01/Foodie-Award-14.jpg"><img loading="lazy" width="800" height="531" data-id="66"  src="/wp-content/uploads/2012/01/Foodie-Award-14.jpg" alt="Receiving Foodie Award" class="wp-image-66" srcset="/wp-content/uploads/2012/01/Foodie-Award-14.jpg 800w, /wp-content/uploads/2012/01/Foodie-Award-14-300x199.jpg 300w, /wp-content/uploads/2012/01/Foodie-Award-14-768x510.jpg 768w, /wp-content/uploads/2012/01/Foodie-Award-14-624x414.jpg 624w" sizes="(max-width: 800px) 100vw, 800px" /></a><figcaption>Receiving Foodie Award</figcaption></figure>



<figure class="wp-block-image size-large"><a href="/wp-content/uploads/2012/01/Foodie-Award-15.jpg"><img loading="lazy" width="800" height="531" data-id="67"  src="/wp-content/uploads/2012/01/Foodie-Award-15.jpg" alt="Receiving Foodie Award" class="wp-image-67" srcset="/wp-content/uploads/2012/01/Foodie-Award-15.jpg 800w, /wp-content/uploads/2012/01/Foodie-Award-15-300x199.jpg 300w, /wp-content/uploads/2012/01/Foodie-Award-15-768x510.jpg 768w, /wp-content/uploads/2012/01/Foodie-Award-15-624x414.jpg 624w" sizes="(max-width: 800px) 100vw, 800px" /></a><figcaption>Receiving Foodie Award</figcaption></figure>



<figure class="wp-block-image size-large"><a href="/wp-content/uploads/2012/01/Foodie-Award-11.jpg"><img loading="lazy" width="800" height="531" data-id="60"  src="/wp-content/uploads/2012/01/Foodie-Award-11.jpg" alt="Foodie Award Nite" class="wp-image-60" srcset="/wp-content/uploads/2012/01/Foodie-Award-11.jpg 800w, /wp-content/uploads/2012/01/Foodie-Award-11-300x199.jpg 300w, /wp-content/uploads/2012/01/Foodie-Award-11-768x510.jpg 768w" sizes="(max-width: 800px) 100vw, 800px" /></a><figcaption>Foodie Award Nite</figcaption></figure>



<figure class="wp-block-image size-large"><a href="/wp-content/uploads/2012/01/Foodie-Award-02.jpg"><img loading="lazy" width="800" height="531" data-id="51"  src="/wp-content/uploads/2012/01/Foodie-Award-02.jpg" alt="Foodie Award Nite" class="wp-image-51" srcset="/wp-content/uploads/2012/01/Foodie-Award-02.jpg 800w, /wp-content/uploads/2012/01/Foodie-Award-02-300x199.jpg 300w, /wp-content/uploads/2012/01/Foodie-Award-02-768x510.jpg 768w" sizes="(max-width: 800px) 100vw, 800px" /></a><figcaption>Foodie Award Nite</figcaption></figure>



<figure class="wp-block-image size-large"><a href="/wp-content/uploads/2012/01/Foodie-Award-05.jpg"><img loading="lazy" width="800" height="531" data-id="54"  src="/wp-content/uploads/2012/01/Foodie-Award-05.jpg" alt="Foodie Award Nite" class="wp-image-54" srcset="/wp-content/uploads/2012/01/Foodie-Award-05.jpg 800w, /wp-content/uploads/2012/01/Foodie-Award-05-300x199.jpg 300w, /wp-content/uploads/2012/01/Foodie-Award-05-768x510.jpg 768w" sizes="(max-width: 800px) 100vw, 800px" /></a><figcaption>Foodie Award Nite</figcaption></figure>



<figure class="wp-block-image size-large"><a href="/wp-content/uploads/2012/01/Foodie-Award-04.jpg"><img loading="lazy" width="800" height="531" data-id="53"  src="/wp-content/uploads/2012/01/Foodie-Award-04.jpg" alt="Foodie Award Nite" class="wp-image-53" srcset="/wp-content/uploads/2012/01/Foodie-Award-04.jpg 800w, /wp-content/uploads/2012/01/Foodie-Award-04-300x199.jpg 300w, /wp-content/uploads/2012/01/Foodie-Award-04-768x510.jpg 768w" sizes="(max-width: 800px) 100vw, 800px" /></a><figcaption>Foodie Award Nite</figcaption></figure>



<figure class="wp-block-image size-large"><a href="/wp-content/uploads/2012/01/Foodie-Award-06.jpg"><img loading="lazy" width="800" height="531" data-id="55"  src="/wp-content/uploads/2012/01/Foodie-Award-06.jpg" alt="Foodie Award Nite" class="wp-image-55" srcset="/wp-content/uploads/2012/01/Foodie-Award-06.jpg 800w, /wp-content/uploads/2012/01/Foodie-Award-06-300x199.jpg 300w, /wp-content/uploads/2012/01/Foodie-Award-06-768x510.jpg 768w" sizes="(max-width: 800px) 100vw, 800px" /></a><figcaption>Foodie Award Nite</figcaption></figure>



<figure class="wp-block-image size-large"><a href="/wp-content/uploads/2012/01/Foodie-Award-10.jpg"><img loading="lazy" width="800" height="531" data-id="59"  src="/wp-content/uploads/2012/01/Foodie-Award-10.jpg" alt="Foodie Award Nite Guests" class="wp-image-59" srcset="/wp-content/uploads/2012/01/Foodie-Award-10.jpg 800w, /wp-content/uploads/2012/01/Foodie-Award-10-300x199.jpg 300w, /wp-content/uploads/2012/01/Foodie-Award-10-768x510.jpg 768w" sizes="(max-width: 800px) 100vw, 800px" /></a><figcaption>Foodie Award Nite Guests</figcaption></figure>



<figure class="wp-block-image size-large"><a href="/wp-content/uploads/2012/01/Foodie-Award-09.jpg"><img loading="lazy" width="800" height="536" data-id="58"  src="/wp-content/uploads/2012/01/Foodie-Award-09.jpg" alt="Foodie Award Nite Guests" class="wp-image-58" srcset="/wp-content/uploads/2012/01/Foodie-Award-09.jpg 800w, /wp-content/uploads/2012/01/Foodie-Award-09-300x201.jpg 300w, /wp-content/uploads/2012/01/Foodie-Award-09-768x515.jpg 768w" sizes="(max-width: 800px) 100vw, 800px" /></a><figcaption>Foodie Award Nite Guests</figcaption></figure>



<figure class="wp-block-image size-large"><a href="/wp-content/uploads/2012/01/Foodie-Award-08.jpg"><img loading="lazy" width="800" height="531" data-id="57"  src="/wp-content/uploads/2012/01/Foodie-Award-08.jpg" alt="Foodie Award Nite" class="wp-image-57" srcset="/wp-content/uploads/2012/01/Foodie-Award-08.jpg 800w, /wp-content/uploads/2012/01/Foodie-Award-08-300x199.jpg 300w, /wp-content/uploads/2012/01/Foodie-Award-08-768x510.jpg 768w" sizes="(max-width: 800px) 100vw, 800px" /></a><figcaption>Foodie Award Nite </figcaption></figure>



<figure class="wp-block-image size-large"><a href="/wp-content/uploads/2012/01/Foodie-Award-07.jpg"><img loading="lazy" width="800" height="531" data-id="56"  src="/wp-content/uploads/2012/01/Foodie-Award-07.jpg" alt="Foodie Award Nite" class="wp-image-56" srcset="/wp-content/uploads/2012/01/Foodie-Award-07.jpg 800w, /wp-content/uploads/2012/01/Foodie-Award-07-300x199.jpg 300w, /wp-content/uploads/2012/01/Foodie-Award-07-768x510.jpg 768w" sizes="(max-width: 800px) 100vw, 800px" /></a><figcaption>Foodie Award Nite</figcaption></figure>



<figure class="wp-block-image size-large"><a href="/wp-content/uploads/2012/01/Foodie-Award-16.jpg"><img loading="lazy" width="800" height="531" data-id="68"  src="/wp-content/uploads/2012/01/Foodie-Award-16.jpg" alt="Sampling Food at Foodie Awards" class="wp-image-68" srcset="/wp-content/uploads/2012/01/Foodie-Award-16.jpg 800w, /wp-content/uploads/2012/01/Foodie-Award-16-300x199.jpg 300w, /wp-content/uploads/2012/01/Foodie-Award-16-768x510.jpg 768w, /wp-content/uploads/2012/01/Foodie-Award-16-624x414.jpg 624w" sizes="(max-width: 800px) 100vw, 800px" /></a><figcaption>Sampling Food at Foodie Awards</figcaption></figure>



<figure class="wp-block-image size-large"><a href="/wp-content/uploads/2012/01/Foodie-Award-01.jpg"><img loading="lazy" width="800" height="531" data-id="50"  src="/wp-content/uploads/2012/01/Foodie-Award-01.jpg" alt="Foodie Award Nite" class="wp-image-50" srcset="/wp-content/uploads/2012/01/Foodie-Award-01.jpg 800w, /wp-content/uploads/2012/01/Foodie-Award-01-300x199.jpg 300w, /wp-content/uploads/2012/01/Foodie-Award-01-768x510.jpg 768w" sizes="(max-width: 800px) 100vw, 800px" /></a><figcaption>Foodie Award Nite</figcaption></figure>
</figure>
]]></content:encoded>
					
		
		
			</item>
		<item>
		<title>Upper Crust &#8211; They Sell Seafood On The Seashore!</title>
		<link>/upper-crust-they-sell-seafood-on-the-seashore/</link>
		
		<dc:creator><![CDATA[vijay]]></dc:creator>
		<pubDate>Mon, 20 Feb 2006 11:40:53 +0000</pubDate>
				<category><![CDATA[Accolades]]></category>
		<guid isPermaLink="false">http://seainn.raju.com.au/?p=182</guid>

					<description><![CDATA[The wife cooks, the husband serves&#8230; that is the story behind the success of Sea Inn, the popular eatery serving coastal Andhra food on Rishikonda Beach, finds UpperCrust. ON the Rishikonda Beach Road about 15 kilometres outside Visakhapatnam, stands a quaint thatched cottage with a Castrol-sponsored signboard that says “Sea Inn”. It is a small ... <a title="Upper Crust &#8211; They Sell Seafood On The Seashore!" class="read-more" href="/upper-crust-they-sell-seafood-on-the-seashore/" aria-label="More on Upper Crust &#8211; They Sell Seafood On The Seashore!">Read more</a>]]></description>
										<content:encoded><![CDATA[<p><a href="http://www.uppercrustindia.com/oldsite/15crust/fifteen/season22.htm"><img loading="lazy" class="alignleft size-full wp-image-183" alt="SeaInn-RajuLakshmi" src="/wp-content/uploads/2013/02/SeaInn-RajuLakshmi.jpg" width="133" height="200" /></a>The wife cooks, the husband serves&#8230; that is the story behind the success of Sea Inn, the popular eatery serving coastal Andhra food on Rishikonda Beach, finds UpperCrust.</p>
<p>ON the Rishikonda Beach Road about 15 kilometres outside Visakhapatnam, stands a quaint thatched cottage with a Castrol-sponsored signboard that says “Sea Inn”. It is a small little restaurant specialising in coastal Andhra food.</p>
<p>The proprietor, maitre d’hotel, and waiter is a tall, athletic and good-looking man by the name of K. V. Raju. And the cook, working hard in a small and stuffy kitchen behind, is his comely wife Lakshmi Devi.</p>
<p><a title="Click here to read the full article in Upper Crust" href="http://www.uppercrustindia.com/oldsite/15crust/fifteen/season22.htm" target="_blank">Read More on Upper Crust&#8230;</a></p>
]]></content:encoded>
					
		
		
			</item>
		<item>
		<title>Vizag City Online.com &#8211; Review of Sea Inn (aka Raju Ka Dhaba)</title>
		<link>/vizag-city-online-com-review-of-sea-inn-aka-raju-ka-dhaba/</link>
		
		<dc:creator><![CDATA[vijay]]></dc:creator>
		<pubDate>Sun, 20 Feb 2005 11:56:38 +0000</pubDate>
				<category><![CDATA[Accolades]]></category>
		<guid isPermaLink="false">http://seainn.raju.com.au/?p=188</guid>

					<description><![CDATA[This place&#8217;s name (and its popular nom de plume) are not particularly imaginative but its setting&#8211;not far from the sea shore in the shadow of the Rushikonda hill&#8211;certainly is. Started in 1988 by Mr. Venkatapathy Raju, originally from Guntur, this restaurant is as low-key as its soft-spoken owner. Even though an element of reverse-snobbery is ... <a title="Vizag City Online.com &#8211; Review of Sea Inn (aka Raju Ka Dhaba)" class="read-more" href="/vizag-city-online-com-review-of-sea-inn-aka-raju-ka-dhaba/" aria-label="More on Vizag City Online.com &#8211; Review of Sea Inn (aka Raju Ka Dhaba)">Read more</a>]]></description>
										<content:encoded><![CDATA[<p><a href="http://www.vizagcityonline.com/Guidetoeating/seainn.html"><img loading="lazy" class="alignright size-full wp-image-189" alt="SeaInn-VizagCityOnline" src="/wp-content/uploads/2013/02/SeaInn-VizagCityOnline.jpg" width="300" height="207" /></a>This place&#8217;s name (and its popular nom de plume) are not particularly imaginative but its setting&#8211;not far from the sea shore in the shadow of the Rushikonda hill&#8211;certainly is. Started in 1988 by Mr. Venkatapathy Raju, originally from Guntur, this restaurant is as low-key as its soft-spoken owner.</p>
<p>Even though an element of reverse-snobbery is probably responsible for its growing popularity, Sea Inn is not without its intrinsic charms, chief among these being the fact that it does not pretend to be anything more than what it is&#8211;a large hut in which a limited variety of local dishes, tastily but un-fussily prepared and served in an extremely modest setting to a clientele ranging from (on the day we went) retired naval officers and a local MLA to a Punjabi NRI (whose enjoyment of the food did not appear to be affected by the fact that it was unlikely that she had ever been served this kind of food in a regular dhaba) and a large well-to-do family from Calcutta.</p>
<p><a title="Read the complete article on VizagCityOnline.com" href="http://www.vizagcityonline.com/Guidetoeating/seainn.html" target="_blank">Read more on VizaCityOnline.com (A guide to eating out in Vizag)</a></p>
]]></content:encoded>
					
		
		
			</item>
	</channel>
</rss>
