<?xml version="1.0" encoding="UTF-8"?><rss version="2.0"
	xmlns:content="http://purl.org/rss/1.0/modules/content/"
	xmlns:dc="http://purl.org/dc/elements/1.1/"
	xmlns:atom="http://www.w3.org/2005/Atom"
	xmlns:sy="http://purl.org/rss/1.0/modules/syndication/"
	
	>
<channel>
	<title>
	Comments for Sea Inn (Raju Ka Dhaba)	</title>
	<atom:link href="http://localhost/comments/feed/" rel="self" type="application/rss+xml" />
	<link>/</link>
	<description>Andhra Non Veg Seafood Restaurant, Rushikonda, Vizag</description>
	<lastBuildDate>Mon, 27 Jun 2022 02:50:57 +0000</lastBuildDate>
	<sy:updatePeriod>
	hourly	</sy:updatePeriod>
	<sy:updateFrequency>
	1	</sy:updateFrequency>
	<generator>https://wordpress.org/?v=6.0</generator>
</channel>
</rss>
